IDIGENALDE,0
IDGUNACC,0
NCHGHACA,0
syMBOLAs,1
IDGUNACC,0
Aliases,1
IDAPIabaP,0
hASVICESRIS,0
gENids,1
cAs ID,1
HGRGroViNGR,0
HGRGENegene,0
idsALOP,0
iDcHI,0
ALTIrtstOp,0
ACCISDip,0
SYGRRAme,0
IDAPIalterNate,0
Hasacc,0
CHCHGHACHACHACHACC,0
CHCHACHICHA,0
IDIALIalt&tr,0
GROMERACHICHACHOCHACHACC,0
idsGenAgene,1
idsIt,0
GREACHICHACHACHANCERER,0
idSeSDA,0
IDIASANIASD,0
idGRorg,0
Acc cds,1
hADVates,0
PUNCHoloCUD,0
aCCHGENED,0
UNIDAcc,0
CHIAlorganism,0
date_moDIVE_iD,0
orGANAgene,1
GRORGRomid,0
stARTaitErentrez,0
CHRAPHECHGCHHHACCSIS,0
UcCGene,0
caSINCAStart,0
DATe_symBol,1
ensembl_Gene_ID,1
gene_family,1
CHACHIL,0
AccesSiONmER,0
locaTioN_STARE,1
CHACHILOCUIal,0
CHEACHIALIGRICDS,0
PUBAlias,1
genEACCR,0
NCHACHHACK,0
IDIDATa,0
CHACHACHACHACHICHAPE,0
RNChaNID,0
organIALIALT,0
ensEmbl_iD,1
CHGHARE,0
SYGRID,0
aCCH-,0
eNDAST,0
gene_family_id,1
ncbIFACP,0
acCPRid,0
GREACHGENAL,0
IDAcc,0
CHATHACHHACHHACCRECC,0
gene_forms,1
IDALIAStatrn,0
CHATCHOLG,0
date_syMBoLE,1
p13UCC,0
IDAcc,0
GRORIAMGENe,0
GREACHICHACHICHHACCHHAPE,0
uNIPCCDSC,0
PSREmiCChanA,0
SYGRImgt,0
caSINCCPsd,0
AccessIONACCSC,1
CHACHIP,0
gene_ID,1
IDGUNACC,0
entRESCHOPHG,0
SYMORIALIALt,0
IDGUNACds,0
gENE ID,1
GROMORISHAN,0
mgD_id,0
geNE_IDS,1
aCCISCdat,0
lOCASCPSID,0
ena,1
ORGAment,0
CHCHGENAcCHSICHACCH,0
chromosoMARIANICHANAL,0
GRACHsY,0
LocaTIONACCES,1
HGRGENACd,0
chaNGiNgteNDAiD,0
iscd,0
p7-,0
HARGANID,0
locAtion_sORAP7,0
ORGAment,0
ENCAILStart,0
CHACHIP,0
IDAcd,0
CHACHASCHAN,0
RefERVECC,0
UNCP7VEGA,0
ORGAmEsid,0
hGNCHOLECHO_ACTIoid,0
iDcHIC,0
orGANamE,0
CHCHACHICHGENE,0
IDAC GROURHACHCHOCANCCPh,0
alternaTeINAId,1
IDAcd,0
has VaRiant,1
CHCHCHACHICHI,0
#NAME?,1
CHACHIP,0
CHRGURSHACHACHALCHIC,0
IDAnTenTRA,0
gENE ID,1
IDAlSchromosomal_Start_-_grCHg,1
entrezalias,1
CHACHIF,0
#NAME?,0
IDAcc,1
preVaccCASCHACHIP,0
gene_FORT_id,1
chrOmosoMARENACCHAPro,0
datE_symbolstart,1
IDGUNACC,0
puBMIDC,1
GROMORISHAN,0
GREACHILOCA,0
DATe_symbOL,1
HORGENTRISTOCHOCHHHHHRPHHHHHACHI,0
locatioNSNoRENAme,0
nAMENTHACESROCUICHAm,0
chromOsomaLarts,0
GROMANANG,0
Acc orf,0
rgD_id,0
psEUdSgene,1
acc CDS,0
IDITASTapURen,0
p7GENCHACHICDE,0
ENCHACGEne,0
IDALIAse,0
iDCHA,0
STADIALICHAN,0
gENE ID,1
acCPims,0
PUNCHeNCHsIICHENCHGENE,0
IDAcc,1
HGROrgaNIALIalb,0
idPromoteR,1
GRAMI,0
PUNCHACCER,0
preVacc,1
enseMPREAt,0
lOcatIon,1
cHACHAPHHGHANAme,0
STANImIAStatus,0
symBolstart,0
ACCISCP13,0
syMBoLA,1
MIVIAPPRomoter,0
gENE id,1
CAsc,0
alteRNAme,1
idcHAme,0
sTANALGERESIALGENA,0
idSIDGR,0
gRCHGCHHHHHABLE,0
CHEACHICHACHACHAP,0
GUIGENALIAS,0
nAMESHIPSeslina,0
IDACCPRes,0
gENECHACHHACHALID,0
UCGUCHINCHAN,0
SYNCPICAsoRV,0
GROMSIDGros,0
dASenzyMGene,0
CHACHASHICHACHSCHH,0
IDITASTRenA,0
GREACHACHI,0
cas RN,1
interACd,0
IDAcc,1
oRProSES,0
aliAses,1
hGNCHACARENAT,0
daTe_symboL_cHACHANCHAP,0
ALTIGene,1
syMBOLoCADE,0
oMGROSCHANacces,0
PREVAStion ID,0
IDACcession,1
GUIcEALINCHSYY,0
CHGHGENALIALECP7,0
chemicALoRIAsDORE,0
IDAcc,1
symbOLGENAL,0
CHANCHACHACHACHACD,0
ucsCid,0
CHEACHIALI,0
geNE_IDAL,1
naMEGroUPromoSOMIMGC,0
prev_SYA,0
enSERVARGANE,0
pubMERIASP,0
name,1
IDALIARA,0
idiURPHG,0
locAloRIAaPProsED,0
gene_FORALORA,0
IDAlICHIDE,0
ensembl_gene_iD,1
iDCHI,0
chroMOSENACCHSCartann,0
CHCHGHACE,0
alternate_naMERID,1
SYGR,0
enzYmERID,0
GRORIALIChemical,0
lOCUSHALIA,0
date_modified,1
PUNACCISIISTOmgD,0
enzyme_iD,1
chrOMGeNAnTEGene,0
aLTIVICEssid,0
chromosomal_stOP_-_gRChaN,1
daTe_ApproVED,1
IDALEARE,0
GROMGUNE_IDSALT,0
accISGRorg,0
naMeID,1
idDatE,1
CHACHIP,0
IDALIAaTestart,0
IDGUNACd,0
sTATAICPICHGENA,0
IDGUNACC,0
Acc oREgR,0
CHACHIP,0
GUICHANE,0
NCHICHACHACCESSA,0
lOCAlSTARIANICHAChRO,0
accESCVenacces,0
iDCHAC,0
IDGUNACC,0
GROMERACHICHACHOCHAL,0
gENE ID,1
casIDGene,1
PUNCHACCHAP,0
p13ACenAgena,0
IDICPR,0
orientARIAte,0
iDCHA,0
enSERID,0
chRNCISGRA,0
ENTRAMID,0
CHGHGRCHcC,0
lOCASCPICDS,0
GREATERCHACHACHACC,0
namevip,0
GROMGENAmesomal,0
is VIP,1
CHACHIF,0
entrez gene id,1
lOCASCPs,0
GREATERESCHOP,0
organisMGene,1
CHIACHICHACHIACICHENCENDESS,0
NCHGHAcC,0
acTIrev,0
CHCHACHICH,0
IDAcd,0
CHACHILOCUI,0
IDACcESSiD,0
cPICCIS,0
cHERCHONSHANCENALE,0
IDIASTICENALD,0
alternAteGene,1
GUIGENacc,0
cDGGene,0
IDGUNACC,0
CHACHECHI‘CHGENEROSCHAN,0
idSENALIAturates,0
CHGHGHECCGrCH37.p13,0
uniPREVER,0
GREACHIALI,0
accessionids,1
IDAcd,1
