,column_name,no_results(duplicates),no_results(no duplicates),results,vocab_list
0,NCBI Gene ID,51,37,"['http://www.geneontology.org/formats/oboInOwl#gene', 'http://www.geneontology.org/formats/oboInOwl#id', 'http://uri.neuinfo.org/nif/nifstd/readable/ncbiIncludesName', 'http://uri.neuinfo.org/nif/nifstd/readable/ncbiTaxID', 'http://uri.neuinfo.org/nif/nifstd/readable/ncbiInPartName', 'http://uri.neuinfo.org/nif/nifstd/readable/ncbiTaxBlastName', 'http://uri.neuinfo.org/nif/nifstd/readable/ncbiTaxScientificName', 'http://uri.neuinfo.org/nif/nifstd/readable/gene_Ontology_ID', 'http://uri.neuinfo.org/nif/nifstd/readable/ncbiTaxGenbankCommonName', 'http://purl.obolibrary.org/obo/RO_0004000', 'http://purl.obolibrary.org/obo/RO_0002204', 'http://purl.obolibrary.org/obo/RO_0002435', 'http://purl.obolibrary.org/obo/RO_0002205', 'http://purl.obolibrary.org/obo/RO_0004010', 'http://semanticscience.org/resource/SIO_001097', 'http://semanticscience.org/resource/SIO_000425', 'http://www.w3.org/ns/prov#generated', 'http://www.w3.org/ns/prov#generatedAtTime', 'http://rdf.adalab-project.org/ontology/adalab-meta/generationMethod', 'http://www.w3.org/ns/prov#hadGeneration', 'http://www.w3.org/ns/prov#qualifiedGeneration', 'http://www.w3.org/ns/prov#wasGeneratedBy', 'http://purl.obolibrary.org/obo/IAO_0000596', 'http://purl.obolibrary.org/obo/IAO_0000598', 'http://purl.obolibrary.org/obo/IAO_0000599', 'http://purl.obolibrary.org/obo/IAO_0000597', 'http://www.geneontology.org/formats/oboInOwl#hasAlternativeId', 'http://purl.obolibrary.org/obo/IAO_0000603', 'http://purl.obolibrary.org/obo/RO_0002601', 'http://purl.org/dc/elements/1.1/identifier', 'http://semanticscience.org/resource/SIO_000671', 'http://semanticscience.org/resource/SIO_000673', 'http://purl.org/dc/terms/identifier', 'http://semanticscience.org/resource/SIO_001242', 'http://semanticscience.org/resource/SIO_000672', 'http://semanticscience.org/resource/SIO_000674', 'http://purl.org/net/orth#taxRangeId']","['http://data.bioontology.org/ontologies/NIFSTD', 'http://data.bioontology.org/ontologies/ORTH', 'http://data.bioontology.org/ontologies/ADALAB-META']"
1,HGNC ID,25,16,"['http://www.geneontology.org/formats/oboInOwl#id', 'http://purl.obolibrary.org/obo/IAO_0000596', 'http://purl.obolibrary.org/obo/IAO_0000598', 'http://purl.obolibrary.org/obo/IAO_0000599', 'http://purl.obolibrary.org/obo/IAO_0000597', 'http://www.geneontology.org/formats/oboInOwl#hasAlternativeId', 'http://purl.obolibrary.org/obo/IAO_0000603', 'http://purl.obolibrary.org/obo/RO_0002601', 'http://purl.org/dc/elements/1.1/identifier', 'http://semanticscience.org/resource/SIO_000671', 'http://semanticscience.org/resource/SIO_000673', 'http://purl.org/dc/terms/identifier', 'http://semanticscience.org/resource/SIO_001242', 'http://semanticscience.org/resource/SIO_000672', 'http://semanticscience.org/resource/SIO_000674', 'http://purl.org/net/orth#taxRangeId']","['http://data.bioontology.org/ontologies/NIFSTD', 'http://data.bioontology.org/ontologies/ORTH', 'http://data.bioontology.org/ontologies/ADALAB-META']"
2,Ensembl Id,27,17,"['http://purl.obolibrary.org/obo/so#ebi_variants', 'http://www.geneontology.org/formats/oboInOwl#id', 'http://purl.obolibrary.org/obo/IAO_0000596', 'http://purl.obolibrary.org/obo/IAO_0000598', 'http://purl.obolibrary.org/obo/IAO_0000599', 'http://purl.obolibrary.org/obo/IAO_0000597', 'http://www.geneontology.org/formats/oboInOwl#hasAlternativeId', 'http://purl.obolibrary.org/obo/IAO_0000603', 'http://purl.obolibrary.org/obo/RO_0002601', 'http://purl.org/dc/elements/1.1/identifier', 'http://semanticscience.org/resource/SIO_000671', 'http://semanticscience.org/resource/SIO_000673', 'http://purl.org/dc/terms/identifier', 'http://semanticscience.org/resource/SIO_001242', 'http://semanticscience.org/resource/SIO_000672', 'http://semanticscience.org/resource/SIO_000674', 'http://purl.org/net/orth#taxRangeId']","['http://data.bioontology.org/ontologies/NIFSTD', 'http://data.bioontology.org/ontologies/ORTH', 'http://data.bioontology.org/ontologies/ADALAB-META']"
3,Name,22,21,"['http://rdf.adalab-project.org/ontology/adalab/name', 'http://identifiers.org/biomodels.vocabulary#name', 'http://purl.obolibrary.org/obo/ncbitaxon#blast_name', 'http://purl.obolibrary.org/obo/ncbitaxon#common_name', 'http://purl.obolibrary.org/obo/ncbitaxon#equivalent_name', 'http://purl.obolibrary.org/obo/ncbitaxon#scientific_name', 'http://purl.obolibrary.org/obo/uberon/insect-anatomy#BRAIN_NAME_ABV', 'http://uri.neuinfo.org/nif/nifstd/readable/hasStreetName', 'http://uri.neuinfo.org/nif/nifstd/readable/ncbiIncludesName', 'http://uri.neuinfo.org/nif/nifstd/readable/taxonomicCommonName', 'http://purl.org/dc/terms/alternativeName', 'http://purl.org/dc/elements/1.1/alternativeName', 'http://purl.obolibrary.org/obo/uberon/core#SYSTEMATIC', 'http://purl.obolibrary.org/obo/ncbitaxon#genbank_common_name', 'http://www.geneontology.org/formats/oboInOwl#hasDefaultNamespace', 'http://www.geneontology.org/formats/oboInOwl#hasOBONamespace', 'http://uri.neuinfo.org/nif/nifstd/readable/imsrStandardStrainName', 'http://uri.neuinfo.org/nif/nifstd/readable/ncbiInPartName', 'http://uri.neuinfo.org/nif/nifstd/readable/ncbiTaxBlastName', 'http://uri.neuinfo.org/nif/nifstd/readable/ncbiTaxScientificName', 'http://uri.neuinfo.org/nif/nifstd/readable/ncbiTaxGenbankCommonName']","['http://data.bioontology.org/ontologies/ADALAB-META', 'http://data.bioontology.org/ontologies/NIFSTD', 'http://data.bioontology.org/ontologies/ORTH']"
4,Symbol,1,1,['http://identifiers.org/biomodels.vocabulary#symbol'],['http://data.bioontology.org/ontologies/ADALAB-META']
5,Alternate Names,6,5,"['http://www.w3.org/ns/prov#alternateOf', 'http://semanticscience.org/resource/SIO_001098', 'http://uri.neuinfo.org/nif/nifstd/readable/neuroNamesAncillaryTerm', 'http://www.geneontology.org/formats/oboInOwl#hasDefaultNamespace', 'http://www.geneontology.org/formats/oboInOwl#hasOBONamespace']","['http://data.bioontology.org/ontologies/ADALAB-META', 'http://data.bioontology.org/ontologies/ORTH', 'http://data.bioontology.org/ontologies/NIFSTD']"
6,Alternate Symbols,2,2,"['http://www.w3.org/ns/prov#alternateOf', 'http://semanticscience.org/resource/SIO_001098']","['http://data.bioontology.org/ontologies/ADALAB-META', 'http://data.bioontology.org/ontologies/ORTH']"
7,Is VIP,332,269,"['http://biomodels.net/biology-qualifiers#is', 'http://biomodels.net/model-qualifiers#is', 'http://purl.obolibrary.org/obo/doid#is_a', 'http://purl.obolibrary.org/obo/RO_0002582', 'http://purl.org/dc/terms/isReferencedBy', 'http://www.geneontology.org/formats/oboInOwl#is_about', 'http://www.geneontology.org/formats/oboInOwl#is_class_level', 'http://purl.obolibrary.org/obo/so#is_consecutive_sequence_of', 'http://www.geneontology.org/formats/oboInOwl#isCyclic', 'http://www.geneontology.org/formats/oboInOwl#is_cyclic', 'http://www.geneontology.org/formats/oboInOwl#is_entailed', 'http://www.geneontology.org/formats/oboInOwl#is_indirect', 'http://www.geneontology.org/formats/oboInOwl#is_inferred', 'http://purl.obolibrary.org/obo/pato#is_magnitude_of', 'http://purl.obolibrary.org/obo/pato#is_measurement_of', 'http://www.geneontology.org/formats/oboInOwl#is_metadata_tag', 'http://www.geneontology.org/formats/oboInOwl#is_redundant', 'http://www.geneontology.org/formats/oboInOwl#is_transitive', 'http://purl.obolibrary.org/obo/pato#is_unit_of', 'http://www.geneontology.org/formats/oboInOwl#isAbout', 'http://uri.interlex.org/tgbugs/uris/readable/isDefinedBy', 'http://www.w3.org/2000/01/rdf-schema#isDefinedBy', 'http://uri.interlex.org/tgbugs/uris/readable/isDocumentedBy', 'http://swrl.stanford.edu/ontologies/3.3/swrla.owl#isRuleEnabled', 'http://purl.org/net/orth#isHomologMember', 'http://www.e-lico.eu/ontologies/dmo/DMOP/DMOP.owl#isComponentOf', 'http://biomodels.net/model-qualifiers#isDerivedFrom', 'http://biomodels.net/model-qualifiers#isDescribedBy', 'http://biomodels.net/biology-qualifiers#isDescribedBy', 'http://biomodels.net/biology-qualifiers#isEncodedBy', 'http://biomodels.net/biology-qualifiers#isHomologTo', 'http://www.e-lico.eu/ontologies/dmo/DMOP/DMOP.owl#isPartOf', 'http://biomodels.net/biology-qualifiers#isPartOf', 'http://biomodels.net/biology-qualifiers#isPropertyOf', 'http://identifiers.org/biomodels.vocabulary#isReversible', 'http://www.e-lico.eu/ontologies/dmo/DMOP/DMOP.owl#isSubsampleOf', 'http://biomodels.net/biology-qualifiers#isVersionOf', 'http://purl.obolibrary.org/obo/IAO_0000136', 'http://purl.obolibrary.org/obo/RO_0002466', 'http://purl.obolibrary.org/obo/RO_0002467', 'http://purl.obolibrary.org/obo/RO_0002468', 'http://purl.obolibrary.org/obo/RO_0002465', 'http://purl.obolibrary.org/obo/RO_0002482', 'http://semanticscience.org/resource/SIO_000332', 'http://uri.interlex.org/tgbugs/uris/readable/isDefinedInTaxon', 'http://uri.neuinfo.org/nif/nifstd/readable/isReplacedByClass', 'http://www.geneontology.org/formats/oboInOwl#treat-xrefs-as-is_a', 'http://www.e-lico.eu/ontologies/dmo/DMOP/DMOP.owl#isTargetFeatureOf', 'http://purl.obolibrary.org/obo/uberon/core#MISSPELLING', 'http://purl.obolibrary.org/obo/RO_0002584', 'http://purl.obolibrary.org/obo/RO_HOM0000054', 'http://purl.obolibrary.org/obo/uberon/core#INCONSISTENT', 'http://purl.obolibrary.org/obo/RO_0002581', 'http://purl.obolibrary.org/obo/RO_0002432', 'http://purl.obolibrary.org/obo/RO_0001020', 'http://purl.obolibrary.org/obo/IAO_0000603', 'http://purl.obolibrary.org/obo/RO_0002603', 'http://purl.obolibrary.org/obo/RO_0002560', 'http://purl.obolibrary.org/obo/RO_0001021', 'http://purl.obolibrary.org/obo/RO_0004018', 'http://purl.obolibrary.org/obo/RO_0002523', 'http://purl.obolibrary.org/obo/RO_0004011', 'http://purl.obolibrary.org/obo/RO_0004013', 'http://purl.obolibrary.org/obo/RO_0004016', 'http://purl.obolibrary.org/obo/RO_0004012', 'http://purl.obolibrary.org/obo/RO_0004014', 'http://purl.obolibrary.org/obo/RO_0004015', 'http://purl.obolibrary.org/obo/RO_0000058', 'http://purl.obolibrary.org/obo/chebi#is_conjugate_acid_of', 'http://purl.obolibrary.org/obo/chebi#is_conjugate_base_of', 'http://purl.obolibrary.org/obo/RO_0002520', 'http://purl.obolibrary.org/obo/UBPROP_0000100', 'http://purl.obolibrary.org/obo/IAO_0000411', 'http://purl.obolibrary.org/obo/RO_0002575', 'http://purl.obolibrary.org/obo/RO_0004048', 'http://purl.obolibrary.org/obo/RO_0002529', 'http://purl.obolibrary.org/obo/IAO_0000413', 'http://purl.obolibrary.org/obo/RO_0002471', 'http://purl.obolibrary.org/obo/chebi#is_enantiomer_of', 'http://purl.obolibrary.org/obo/RO_0002519', 'http://purl.obolibrary.org/obo/RO_0002472', 'http://purl.obolibrary.org/obo/RO_0002614', 'http://purl.org/dc/terms/isFormatOf', 'http://purl.obolibrary.org/obo/RO_0004010', 'http://purl.obolibrary.org/obo/RO_0002530', 'http://purl.obolibrary.org/obo/RO_0002531', 'http://www.w3.org/2004/02/skos/core#mappingRelation', 'http://www.w3.org/2004/02/skos/core#inScheme', 'http://www.w3.org/2004/02/skos/core#semanticRelation', 'http://purl.obolibrary.org/obo/RO_0002579', 'http://purl.org/dc/terms/issued', 'http://purl.obolibrary.org/obo/RO_0002605', 'http://purl.obolibrary.org/obo/RO_0002627', 'http://purl.obolibrary.org/obo/RO_0002481', 'http://purl.obolibrary.org/obo/RO_0002607', 'http://purl.obolibrary.org/obo/RO_0003301', 'http://purl.obolibrary.org/obo/RO_0004050', 'http://purl.obolibrary.org/obo/RO_0002604', 'http://purl.org/dc/terms/isPartOf', 'http://purl.obolibrary.org/obo/RO_0004049', 'http://purl.obolibrary.org/obo/IAO_0000417', 'http://purl.obolibrary.org/obo/IAO_0000221', 'http://purl.obolibrary.org/obo/IAO_0000418', 'http://purl.obolibrary.org/obo/RO_0002594', 'http://purl.obolibrary.org/obo/RO_0002562', 'http://purl.org/dc/terms/isReplacedBy', 'http://purl.obolibrary.org/obo/RO_0002617', 'http://purl.org/dc/terms/isRequiredBy', 'http://purl.obolibrary.org/obo/RO_0002521', 'http://purl.obolibrary.org/obo/RO_0002517', 'http://purl.obolibrary.org/obo/RO_0002525', 'http://purl.obolibrary.org/obo/RO_0002606', 'http://purl.obolibrary.org/obo/chebi#is_substituent_group_from', 'http://purl.obolibrary.org/obo/RO_0002561', 'http://purl.obolibrary.org/obo/chebi#is_tautomer_of', 'http://www.w3.org/2004/02/skos/core#topConceptOf', 'http://purl.obolibrary.org/obo/RO_0002302', 'http://purl.obolibrary.org/obo/RO_0002528', 'http://purl.obolibrary.org/obo/RO_0002459', 'http://purl.org/dc/terms/isVersionOf', 'http://purl.obolibrary.org/obo/OBI_0000295', 'http://purl.obolibrary.org/obo/OBI_0000312', 'http://purl.obolibrary.org/obo/RO_0002329', 'http://purl.obolibrary.org/obo/UBPROP_0000101', 'http://purl.obolibrary.org/obo/IAO_0000419', 'http://purl.obolibrary.org/obo/RO_0002112', 'http://purl.obolibrary.org/obo/RO_0002106', 'http://purl.obolibrary.org/obo/uberon/core#NON_AMNIOTE', 'http://purl.obolibrary.org/obo/uberon/core#NON_MAMMAL', 'http://semanticscience.org/resource/SIO_000204', 'http://semanticscience.org/resource/SIO_001159', 'http://semanticscience.org/resource/SIO_000063', 'http://semanticscience.org/resource/SIO_001098', 'http://semanticscience.org/resource/SIO_000254', 'http://semanticscience.org/resource/SIO_001403', 'http://semanticscience.org/resource/SIO_000011', 'http://semanticscience.org/resource/SIO_000642', 'http://semanticscience.org/resource/SIO_000096', 'http://semanticscience.org/resource/SIO_000491', 'http://semanticscience.org/resource/SIO_000477', 'http://semanticscience.org/resource/SIO_000422', 'http://semanticscience.org/resource/SIO_000646', 'http://semanticscience.org/resource/SIO_000352', 'http://semanticscience.org/resource/SIO_000294', 'http://semanticscience.org/resource/SIO_000243', 'http://semanticscience.org/resource/SIO_000278', 'http://semanticscience.org/resource/SIO_000490', 'http://semanticscience.org/resource/SIO_000736', 'http://semanticscience.org/resource/SIO_000313', 'http://semanticscience.org/resource/SIO_000214', 'http://semanticscience.org/resource/SIO_000203', 'http://semanticscience.org/resource/SIO_000128', 'http://semanticscience.org/resource/SIO_001404', 'http://semanticscience.org/resource/SIO_000334', 'http://semanticscience.org/resource/SIO_000288', 'http://semanticscience.org/resource/SIO_000365', 'http://semanticscience.org/resource/SIO_001278', 'http://semanticscience.org/resource/SIO_000060', 'http://semanticscience.org/resource/SIO_000244', 'http://semanticscience.org/resource/SIO_000557', 'http://semanticscience.org/resource/SIO_000310', 'http://semanticscience.org/resource/SIO_000241', 'http://semanticscience.org/resource/SIO_000242', 'http://semanticscience.org/resource/SIO_000652', 'http://semanticscience.org/resource/SIO_000236', 'http://semanticscience.org/resource/SIO_000207', 'http://semanticscience.org/resource/SIO_000209', 'http://semanticscience.org/resource/SIO_000495', 'http://semanticscience.org/resource/SIO_010079', 'http://semanticscience.org/resource/SIO_000684', 'http://semanticscience.org/resource/SIO_000738', 'http://semanticscience.org/resource/SIO_000773', 'http://semanticscience.org/resource/SIO_000484', 'http://semanticscience.org/resource/SIO_000421', 'http://semanticscience.org/resource/SIO_000970', 'http://semanticscience.org/resource/SIO_000901', 'http://semanticscience.org/resource/SIO_000226', 'http://semanticscience.org/resource/SIO_001097', 'http://semanticscience.org/resource/SIO_000425', 'http://semanticscience.org/resource/SIO_000734', 'http://semanticscience.org/resource/SIO_000699', 'http://semanticscience.org/resource/SIO_010302', 'http://semanticscience.org/resource/SIO_001242', 'http://semanticscience.org/resource/SIO_000672', 'http://semanticscience.org/resource/SIO_000247', 'http://semanticscience.org/resource/SIO_000251', 'http://semanticscience.org/resource/SIO_000658', 'http://semanticscience.org/resource/SIO_000233', 'http://semanticscience.org/resource/SIO_000749', 'http://semanticscience.org/resource/SIO_000231', 'http://semanticscience.org/resource/SIO_000973', 'http://semanticscience.org/resource/SIO_000735', 'http://semanticscience.org/resource/SIO_000733', 'http://semanticscience.org/resource/SIO_000061', 'http://semanticscience.org/resource/SIO_000145', 'http://semanticscience.org/resource/SIO_000426', 'http://semanticscience.org/resource/SIO_000341', 'http://semanticscience.org/resource/SIO_000482', 'http://semanticscience.org/resource/SIO_000215', 'http://semanticscience.org/resource/SIO_000095', 'http://semanticscience.org/resource/SIO_000632', 'http://semanticscience.org/resource/SIO_000633', 'http://semanticscience.org/resource/SIO_001101', 'http://semanticscience.org/resource/SIO_000697', 'http://semanticscience.org/resource/SIO_000710', 'http://semanticscience.org/resource/SIO_000709', 'http://semanticscience.org/resource/SIO_000427', 'http://semanticscience.org/resource/SIO_000424', 'http://semanticscience.org/resource/SIO_000737', 'http://semanticscience.org/resource/SIO_000496', 'http://semanticscience.org/resource/SIO_000975', 'http://semanticscience.org/resource/SIO_000558', 'http://semanticscience.org/resource/SIO_000232', 'http://semanticscience.org/resource/SIO_000630', 'http://semanticscience.org/resource/SIO_000553', 'http://semanticscience.org/resource/SIO_000068', 'http://semanticscience.org/resource/SIO_000062', 'http://semanticscience.org/resource/SIO_001280', 'http://semanticscience.org/resource/SIO_000211', 'http://semanticscience.org/resource/SIO_000240', 'http://semanticscience.org/resource/SIO_000249', 'http://semanticscience.org/resource/SIO_000274', 'http://semanticscience.org/resource/SIO_000311', 'http://semanticscience.org/resource/SIO_000093', 'http://semanticscience.org/resource/SIO_000224', 'http://semanticscience.org/resource/SIO_000064', 'http://semanticscience.org/resource/SIO_000218', 'http://semanticscience.org/resource/SIO_000643', 'http://semanticscience.org/resource/SIO_000356', 'http://semanticscience.org/resource/SIO_000252', 'http://semanticscience.org/resource/SIO_000212', 'http://semanticscience.org/resource/SIO_000774', 'http://semanticscience.org/resource/SIO_000775', 'http://semanticscience.org/resource/SIO_001155', 'http://semanticscience.org/resource/SIO_000001', 'http://semanticscience.org/resource/SIO_000205', 'http://semanticscience.org/resource/SIO_001157', 'http://semanticscience.org/resource/SIO_000227', 'http://semanticscience.org/resource/SIO_000363', 'http://semanticscience.org/resource/SIO_000283', 'http://semanticscience.org/resource/SIO_000219', 'http://semanticscience.org/resource/SIO_000322', 'http://semanticscience.org/resource/SIO_001096', 'http://semanticscience.org/resource/SIO_000339', 'http://semanticscience.org/resource/SIO_000682', 'http://semanticscience.org/resource/SIO_000629', 'http://semanticscience.org/resource/SIO_000286', 'http://semanticscience.org/resource/SIO_000206', 'http://semanticscience.org/resource/SIO_000208', 'http://semanticscience.org/resource/SIO_000323', 'http://semanticscience.org/resource/SIO_000292', 'http://semanticscience.org/resource/SIO_000029', 'http://semanticscience.org/resource/SIO_010081', 'http://semanticscience.org/resource/SIO_010080', 'http://semanticscience.org/resource/SIO_000657', 'http://semanticscience.org/resource/SIO_001247', 'http://semanticscience.org/resource/SIO_010083', 'http://semanticscience.org/resource/SIO_010082', 'http://semanticscience.org/resource/SIO_000636', 'http://semanticscience.org/resource/SIO_000674', 'http://semanticscience.org/resource/SIO_000222', 'http://semanticscience.org/resource/SIO_000272', 'http://semanticscience.org/resource/SIO_000497', 'http://semanticscience.org/resource/SIO_000335', 'http://semanticscience.org/resource/SIO_000293', 'http://semanticscience.org/resource/SIO_000634', 'http://purl.obolibrary.org/obo/CDAO_0000157', 'http://purl.obolibrary.org/obo/IAO_isReversiblePropertyChain', 'http://uri.interlex.org/tgbugs/uris/readable/isDefinedInDevelopmentalStage']","['http://data.bioontology.org/ontologies/ADALAB-META', 'http://data.bioontology.org/ontologies/NIFSTD', 'http://data.bioontology.org/ontologies/ORTH']"
8,Has Variant Annotation,497,351,"['http://purl.obolibrary.org/obo/so#VAR', 'http://identifiers.org/biomodels.vocabulary#annotation', 'http://semanticscience.org/resource/SIO_000255', 'http://purl.obolibrary.org/obo/CDAO_0000193', 'http://purl.obolibrary.org/obo/so#variant_of', 'http://purl.obolibrary.org/obo/RO_0002419', 'http://purl.obolibrary.org/obo/RO_0002483', 'http://purl.obolibrary.org/obo/RO_0002423', 'http://semanticscience.org/resource/SIO_000254', 'http://purl.obolibrary.org/obo/CDAO_0000157', 'http://uri.neuinfo.org/nif/nifstd/readable/annotationPropertyDomain', 'http://uri.neuinfo.org/nif/nifstd/readable/annotationPropertyRange', 'http://uri.neuinfo.org/nif/nifstd/readable/annotationType', 'http://identifiers.org/biomodels.vocabulary#sbmlAnnotation', 'http://purl.obolibrary.org/obo/so#dbsnp', 'http://purl.obolibrary.org/obo/so#ebi_variants', 'http://purl.obolibrary.org/obo/RO_0002312', 'http://semanticscience.org/resource/SIO_000272', 'http://purl.obolibrary.org/obo/CDAO_0000178', 'http://purl.obolibrary.org/obo/RO_0002568', 'http://purl.obolibrary.org/obo/RO_0002373', 'http://purl.obolibrary.org/obo/RO_0002475', 'http://www.cogpo.org/ontologies/CogPOver1.owl#has_instructions', 'http://purl.obolibrary.org/obo/pr#has_modification', 'http://purl.obolibrary.org/obo/so#has_origin', 'http://purl.obolibrary.org/obo/so#has_part', 'http://purl.obolibrary.org/obo/pr#has_part', 'http://purl.obolibrary.org/obo/so#has_quality', 'http://purl.obolibrary.org/obo/uberon/core#has_start', 'http://www.cogpo.org/ontologies/CogPOver1.owl#has_stimulus', 'http://purl.obolibrary.org/obo/doid#has_symptom', 'http://www.w3.org/2004/02/skos/core#broader', 'http://purl.obolibrary.org/obo/RO_0002180', 'http://purl.obolibrary.org/obo/R0_0009004', 'http://purl.obolibrary.org/obo/RO_0000091', 'http://purl.obolibrary.org/obo/RO_0002633', 'http://purl.obolibrary.org/obo/RO_0002635', 'http://purl.obolibrary.org/obo/RO_0008502', 'http://purl.obolibrary.org/obo/RO_0002558', 'http://purl.org/dc/terms/hasFormat', 'http://purl.obolibrary.org/obo/RO_0000085', 'http://purl.obolibrary.org/obo/RO_0002303', 'http://purl.obolibrary.org/obo/RO_0002454', 'http://purl.obolibrary.org/obo/RO_0002233', 'http://purl.obolibrary.org/obo/RO_0002505', 'http://purl.obolibrary.org/obo/RO_0002019', 'http://purl.obolibrary.org/obo/RO_0002351', 'http://www.w3.org/2004/02/skos/core#member', 'http://purl.obolibrary.org/obo/RO_0002637', 'http://purl.obolibrary.org/obo/RO_0002615', 'http://purl.obolibrary.org/obo/RO_0002573', 'http://www.w3.org/2004/02/skos/core#narrower', 'http://purl.obolibrary.org/obo/RO_0002234', 'http://purl.obolibrary.org/obo/RO_0002209', 'http://purl.obolibrary.org/obo/BFO_0000051', 'http://purl.org/dc/terms/hasPart', 'http://purl.obolibrary.org/obo/RO_0000057', 'http://purl.obolibrary.org/obo/RO_0002557', 'http://purl.obolibrary.org/obo/RO_0002200', 'http://purl.obolibrary.org/obo/RO_0002214', 'http://purl.obolibrary.org/obo/RO_0000086', 'http://www.w3.org/2004/02/skos/core#related', 'http://purl.obolibrary.org/obo/RO_0000087', 'http://purl.obolibrary.org/obo/RO_0002551', 'http://purl.obolibrary.org/obo/RO_0002524', 'http://purl.obolibrary.org/obo/RO_0002452', 'http://purl.obolibrary.org/obo/RO_0002460', 'http://purl.org/dc/terms/hasVersion', 'http://semanticscience.org/resource/SIO_000139', 'http://semanticscience.org/resource/SIO_000008', 'http://semanticscience.org/resource/SIO_000641', 'http://semanticscience.org/resource/SIO_000054', 'http://semanticscience.org/resource/SIO_000586', 'http://purl.org/net/orth#hasCluster', 'http://semanticscience.org/resource/SIO_000213', 'http://semanticscience.org/resource/SIO_000364', 'http://semanticscience.org/resource/SIO_000235', 'http://semanticscience.org/resource/SIO_000772', 'http://semanticscience.org/resource/SIO_000420', 'http://semanticscience.org/resource/SIO_000900', 'http://semanticscience.org/resource/SIO_000225', 'http://purl.org/net/orth#hasHomologous', 'http://semanticscience.org/resource/SIO_000671', 'http://semanticscience.org/resource/SIO_000234', 'http://semanticscience.org/resource/SIO_000230', 'http://semanticscience.org/resource/SIO_000059', 'http://semanticscience.org/resource/SIO_000229', 'http://semanticscience.org/resource/SIO_000552', 'http://semanticscience.org/resource/SIO_000028', 'http://semanticscience.org/resource/SIO_000132', 'http://semanticscience.org/resource/SIO_001279', 'http://semanticscience.org/resource/SIO_000312', 'http://semanticscience.org/resource/SIO_000223', 'http://semanticscience.org/resource/SIO_000066', 'http://semanticscience.org/resource/SIO_000217', 'http://semanticscience.org/resource/SIO_000228', 'http://semanticscience.org/resource/SIO_000253', 'http://purl.org/net/orth#hasSource', 'http://semanticscience.org/resource/SIO_000905', 'http://semanticscience.org/resource/SIO_000291', 'http://semanticscience.org/resource/SIO_000635', 'http://semanticscience.org/resource/SIO_000221', 'http://semanticscience.org/resource/SIO_000300', 'http://www.geneontology.org/formats/oboInOwl#hasDbXref', 'http://rdf.adalab-project.org/ontology/adalab-meta/hasDataDomain', 'http://www.e-lico.eu/ontologies/dmo/DMOP/DMOP.owl#hasComponent', 'http://www.e-lico.eu/ontologies/dmo/DMOP/DMOP.owl#hasDataType', 'http://www.e-lico.eu/ontologies/dmo/DMOP/DMOP.owl#hasDistinctValue', 'http://www.e-lico.eu/ontologies/dmo/DMOP/DMOP.owl#hasFeature', 'http://purl.obolibrary.org/obo/doid#disease_has_basis_in', 'http://www.geneontology.org/formats/oboInOwl#hasAlternativeId', 'http://www.geneontology.org/formats/oboInOwl#hasBroadSynonym', 'http://purl.obolibrary.org/obo/pato#has_cross_section', 'http://www.geneontology.org/formats/oboInOwl#hasDate', 'http://www.geneontology.org/formats/oboInOwl#hasDefaultNamespace', 'http://www.geneontology.org/formats/oboInOwl#hasDefinition', 'http://purl.obolibrary.org/obo/pato#has_dividend_entity', 'http://purl.obolibrary.org/obo/pato#has_dividend_quality', 'http://purl.obolibrary.org/obo/pato#has_divisor_entity', 'http://purl.obolibrary.org/obo/pato#has_divisor_quality', 'http://www.geneontology.org/formats/oboInOwl#hasExactSynonym', 'http://purl.obolibrary.org/obo/so#has_integral_part', 'http://uri.neuinfo.org/nif/nifstd/readable/has_lacking_of', 'http://uri.neuinfo.org/nif/nifstd/readable/has_molecular_constituent', 'http://www.geneontology.org/formats/oboInOwl#hasNarrowSynonym', 'http://uri.neuinfo.org/nif/nifstd/readable/has_neurotransmitter', 'http://www.geneontology.org/formats/oboInOwl#hasOBONamespace', 'http://www.obofoundry.org/ro/ro.owl#has_part', 'http://uri.neuinfo.org/nif/nifstd/readable/has_proper_part', 'http://purl.obolibrary.org/obo/ncbitaxon#has_rank', 'http://purl.obolibrary.org/obo/pato#has_ratio_quality', 'http://www.geneontology.org/formats/oboInOwl#hasRelatedSynonym', 'http://purl.obolibrary.org/obo/pato#has_relative_magnitude', 'http://www.geneontology.org/formats/oboInOwl#hasScope', 'http://www.geneontology.org/formats/oboInOwl#hasSubset', 'http://www.geneontology.org/formats/oboInOwl#hasSynonym', 'http://www.geneontology.org/formats/oboInOwl#hasSynonymType', 'http://www.geneontology.org/formats/oboInOwl#hasURI', 'http://www.geneontology.org/formats/oboInOwl#hasVersion', 'http://uri.neuinfo.org/nif/nifstd/readable/hasAbbrevSource', 'http://uri.neuinfo.org/nif/nifstd/readable/hasBirnlexCurator', 'http://uri.neuinfo.org/nif/nifstd/readable/hasCoveringOrganism', 'http://uri.neuinfo.org/nif/nifstd/readable/hasCurationStatus', 'http://uri.neuinfo.org/nif/nifstd/readable/hasDefinitionSource', 'http://uri.interlex.org/tgbugs/uris/readable/hasDerivedArtifact', 'http://uri.neuinfo.org/nif/nifstd/readable/hasExternalSource', 'http://uri.interlex.org/base/hasMolecularPhenotype', 'http://uri.neuinfo.org/nif/nifstd/readable/hasMutationType', 'http://www.e-lico.eu/ontologies/dmo/DMOP/DMOP.owl#hasMainTable', 'http://www.e-lico.eu/ontologies/dmo/DMOP/DMOP.owl#hasPart', 'http://biomodels.net/biology-qualifiers#hasPart', 'http://biomodels.net/biology-qualifiers#hasProperty', 'http://www.e-lico.eu/ontologies/dmo/DMOP/DMOP.owl#hasTable', 'http://www.e-lico.eu/ontologies/dmo/DMOP/DMOP.owl#hasTargetFeature', 'http://biomodels.net/biology-qualifiers#hasTaxon', 'http://rdf.adalab-project.org/ontology/adalab-meta/hasTime', 'http://www.e-lico.eu/ontologies/dmo/DMOP/DMOP.owl#hasVariable', 'http://biomodels.net/biology-qualifiers#hasVersion', 'http://uri.neuinfo.org/nif/nifstd/readable/hasSequence', 'http://uri.interlex.org/tgbugs/uris/readable/hasSourceArtifact', 'http://uri.neuinfo.org/nif/nifstd/readable/hasStreetName', 'http://uri.neuinfo.org/nif/nifstd/readable/hasTaxonRank', 'http://uri.neuinfo.org/nif/nifstd/readable/hasValidationMethod', 'http://semanticscience.org/resource/hasSynonym', 'http://purl.obolibrary.org/obo/RO_0002612', 'http://purl.obolibrary.org/obo/RO_0004019', 'http://purl.obolibrary.org/obo/RO_0004029', 'http://purl.obolibrary.org/obo/RO_0004027', 'http://purl.obolibrary.org/obo/RO_0004026', 'http://purl.obolibrary.org/obo/RO_0002002', 'http://purl.obolibrary.org/obo/RO_0002248', 'http://purl.obolibrary.org/obo/RO_0002218', 'http://purl.obolibrary.org/obo/RO_0001022', 'http://purl.obolibrary.org/obo/RO_0002261', 'http://purl.obolibrary.org/obo/IAO_0000602', 'http://purl.obolibrary.org/obo/IAO_0000601', 'http://purl.obolibrary.org/obo/RO_0001023', 'http://purl.obolibrary.org/obo/IAO_0010000', 'http://purl.obolibrary.org/obo/RO_0002260', 'http://purl.obolibrary.org/obo/RO_0002569', 'http://www.w3.org/2004/02/skos/core#broadMatch', 'http://www.w3.org/2004/02/skos/core#broaderTransitive', 'http://purl.obolibrary.org/obo/RO_0002262', 'http://www.w3.org/2004/02/skos/core#closeMatch', 'http://purl.obolibrary.org/obo/RO_0002017', 'http://purl.obolibrary.org/obo/RO_0002018', 'http://purl.obolibrary.org/obo/RO_0002253', 'http://purl.obolibrary.org/obo/IAO_0000407', 'http://purl.obolibrary.org/obo/IAO_0000114', 'http://purl.obolibrary.org/obo/RO_0002360', 'http://purl.obolibrary.org/obo/RO_0002157', 'http://purl.obolibrary.org/obo/RO_0002254', 'http://purl.obolibrary.org/obo/RO_0002384', 'http://purl.obolibrary.org/obo/RO_0002546', 'http://purl.obolibrary.org/obo/RO_0002400', 'http://purl.obolibrary.org/obo/RO_0002025', 'http://purl.obolibrary.org/obo/RO_0002232', 'http://purl.obolibrary.org/obo/RO_0002518', 'http://purl.obolibrary.org/obo/RO_0002538', 'http://www.w3.org/2004/02/skos/core#exactMatch', 'http://purl.obolibrary.org/obo/RO_0002240', 'http://purl.obolibrary.org/obo/RO_0002242', 'http://purl.obolibrary.org/obo/RO_0002309', 'http://purl.obolibrary.org/obo/RO_0002241', 'http://purl.obolibrary.org/obo/RO_0002243', 'http://purl.obolibrary.org/obo/RO_0002132', 'http://purl.obolibrary.org/obo/RO_0002623', 'http://purl.obolibrary.org/obo/chebi#has_functional_parent', 'http://purl.obolibrary.org/obo/RO_0002374', 'http://purl.obolibrary.org/obo/RO_0002205', 'http://purl.obolibrary.org/obo/IAO_0000596', 'http://purl.obolibrary.org/obo/IAO_0000598', 'http://purl.obolibrary.org/obo/IAO_0000599', 'http://purl.obolibrary.org/obo/RO_0002639', 'http://purl.obolibrary.org/obo/RO_0002641', 'http://purl.obolibrary.org/obo/RO_0004005', 'http://purl.obolibrary.org/obo/IAO_0000583', 'http://purl.obolibrary.org/obo/IAO_0000039', 'http://purl.obolibrary.org/obo/IAO_0000004', 'http://www.w3.org/2004/02/skos/core#memberList', 'http://purl.obolibrary.org/obo/RO_0002372', 'http://www.w3.org/2004/02/skos/core#narrowMatch', 'http://www.w3.org/2004/02/skos/core#narrowerTransitive', 'http://purl.obolibrary.org/obo/RO_0002016', 'http://purl.obolibrary.org/obo/IAO_0000231', 'http://purl.obolibrary.org/obo/chebi#has_parent_hydride', 'http://purl.obolibrary.org/obo/RO_0002104', 'http://purl.obolibrary.org/obo/RO_0002110', 'http://purl.obolibrary.org/obo/RO_0002113', 'http://purl.obolibrary.org/obo/RO_0009005', 'http://purl.obolibrary.org/obo/RO_0002013', 'http://www.w3.org/2004/02/skos/core#relatedMatch', 'http://purl.obolibrary.org/obo/RO_0002100', 'http://purl.obolibrary.org/obo/RO_0002231', 'http://purl.obolibrary.org/obo/RO_0002516', 'http://purl.obolibrary.org/obo/RO_0002537', 'http://purl.obolibrary.org/obo/RO_0009001', 'http://purl.obolibrary.org/obo/RO_0009002', 'http://purl.obolibrary.org/obo/RO_0002130', 'http://purl.obolibrary.org/obo/RO_0002006', 'http://purl.obolibrary.org/obo/RO_0002339', 'http://purl.obolibrary.org/obo/RO_0002338', 'http://purl.obolibrary.org/obo/IAO_0000581', 'http://www.w3.org/2004/02/skos/core#hasTopConcept', 'http://purl.obolibrary.org/obo/IAO_0000404', 'http://purl.obolibrary.org/obo/IAO_0000406', 'http://purl.obolibrary.org/obo/IAO_0000405', 'http://purl.obolibrary.org/obo/RO_0002536', 'http://purl.obolibrary.org/obo/RO_0002402', 'http://purl.obolibrary.org/obo/RO_0002401', 'http://purl.obolibrary.org/obo/RO_0002403', 'http://purl.obolibrary.org/obo/RO_0002608', 'http://purl.obolibrary.org/obo/RO_0004017', 'http://semanticscience.org/resource/SIO_000369', 'http://semanticscience.org/resource/SIO_001277', 'http://semanticscience.org/resource/SIO_000273', 'http://semanticscience.org/resource/SIO_000681', 'http://semanticscience.org/resource/SIO_000971', 'http://semanticscience.org/resource/SIO_000972', 'http://semanticscience.org/resource/SIO_000216', 'http://semanticscience.org/resource/SIO_000974', 'http://semanticscience.org/resource/SIO_000053', 'http://semanticscience.org/resource/SIO_000644', 'http://semanticscience.org/resource/SIO_000680', 'http://purl.org/net/orth#hasTaxonomicRange', 'http://semanticscience.org/resource/SIO_000679', 'http://semanticscience.org/resource/SIO_000673', 'http://purl.obolibrary.org/obo/RO_0004000', 'http://purl.obolibrary.org/obo/RO_0004021', 'http://purl.obolibrary.org/obo/RO_0004020', 'http://purl.obolibrary.org/obo/RO_0004022', 'http://purl.obolibrary.org/obo/RO_0002625', 'http://purl.obolibrary.org/obo/RO_0008508', 'http://purl.obolibrary.org/obo/IAO_0000597', 'http://purl.obolibrary.org/obo/RO_0004001', 'http://purl.obolibrary.org/obo/RO_0004003', 'http://purl.obolibrary.org/obo/RO_0004002', 'http://purl.obolibrary.org/obo/RO_0004004', 'http://purl.obolibrary.org/obo/RO_0002014', 'http://purl.obolibrary.org/obo/RO_0002584', 'http://purl.obolibrary.org/obo/RO_0002479', 'http://purl.obolibrary.org/obo/RO_0004006', 'http://purl.obolibrary.org/obo/RO_0002015', 'http://purl.obolibrary.org/obo/RO_0002387', 'http://purl.obolibrary.org/obo/RO_0002385', 'http://purl.obolibrary.org/obo/RO_0002386', 'http://purl.obolibrary.org/obo/RO_0002388', 'http://www.geneontology.org/formats/oboInOwl#hasOBOFormatVersion', 'http://purl.obolibrary.org/obo/UBPROP_0000007', 'http://www.cogpo.org/ontologies/CogPOver2010.owl#COGPO_00015', 'http://www.cogpo.org/ontologies/CogPOver2010.owl#COGPO_00006', 'http://purl.obolibrary.org/obo/OBI_0000293', 'http://purl.obolibrary.org/obo/OBI_0000299', 'http://www.cogpo.org/ontologies/CogPOver2010.owl#COGPO_00011', 'http://www.geneontology.org/formats/oboInOwl#treat-xrefs-as-has-subclass', 'http://purl.obolibrary.org/obo/CDAO_0000168', 'http://purl.obolibrary.org/obo/CDAO_0000156', 'http://purl.obolibrary.org/obo/CDAO_0000144', 'http://purl.obolibrary.org/obo/CDAO_0000183', 'http://purl.obolibrary.org/obo/CDAO_0000182', 'http://purl.obolibrary.org/obo/CDAO_0000142', 'http://purl.obolibrary.org/obo/CDAO_0000149', 'http://purl.obolibrary.org/obo/CDAO_0000209', 'http://purl.obolibrary.org/obo/CDAO_0000170', 'http://purl.obolibrary.org/obo/CDAO_0000189', 'http://purl.obolibrary.org/obo/CDAO_0000207', 'http://purl.obolibrary.org/obo/CDAO_0000175', 'http://purl.obolibrary.org/obo/CDAO_0000151', 'http://purl.obolibrary.org/obo/CDAO_0000165', 'http://purl.obolibrary.org/obo/CDAO_0000153', 'http://purl.obolibrary.org/obo/CDAO_0000174', 'http://purl.obolibrary.org/obo/CDAO_0000171', 'http://purl.obolibrary.org/obo/CDAO_0000198', 'http://purl.obolibrary.org/obo/CDAO_0000164', 'http://purl.obolibrary.org/obo/CDAO_0000150', 'http://purl.obolibrary.org/obo/CDAO_0000218', 'http://purl.obolibrary.org/obo/CDAO_0000204', 'http://purl.obolibrary.org/obo/CDAO_0000213', 'http://purl.obolibrary.org/obo/CDAO_0000185', 'http://purl.obolibrary.org/obo/CDAO_0000159', 'http://purl.obolibrary.org/obo/CDAO_0000202', 'http://purl.obolibrary.org/obo/CDAO_0000206', 'http://purl.obolibrary.org/obo/CDAO_0000162', 'http://purl.obolibrary.org/obo/CDAO_0000195', 'http://purl.obolibrary.org/obo/CDAO_0000145', 'http://purl.obolibrary.org/obo/CDAO_0000179', 'http://purl.obolibrary.org/obo/CDAO_0000201', 'http://purl.obolibrary.org/obo/CDAO_0000212', 'http://purl.obolibrary.org/obo/CDAO_0000211', 'http://purl.obolibrary.org/obo/CDAO_0000217', 'http://purl.obolibrary.org/obo/CDAO_0000219', 'http://purl.obolibrary.org/obo/CDAO_0000197', 'http://purl.obolibrary.org/obo/CDAO_0000210', 'http://purl.obolibrary.org/obo/CDAO_0000186', 'http://purl.obolibrary.org/obo/CDAO_0000158', 'http://purl.obolibrary.org/obo/CDAO_0000148', 'http://purl.obolibrary.org/obo/CDAO_0000154', 'http://purl.obolibrary.org/obo/CDAO_0000184', 'http://purl.obolibrary.org/obo/CDAO_0000214', 'http://purl.obolibrary.org/obo/CDAO_0000208', 'http://purl.obolibrary.org/obo/CDAO_0000176', 'http://purl.obolibrary.org/obo/CDAO_0000216', 'http://purl.obolibrary.org/obo/CDAO_0000215', 'http://uri.neuinfo.org/nif/nifstd/readable/hasFormerChildClass', 'http://uri.neuinfo.org/nif/nifstd/readable/hasFormerParentClass', 'http://uri.neuinfo.org/nif/nifstd/readable/hasGenbankAccessionNumber', 'http://uri.interlex.org/base/hasInstanceInSpecies', 'http://uri.neuinfo.org/nif/nifstd/readable/hasKnownApplicationUses', 'http://uri.neuinfo.org/nif/nifstd/readable/hasLocusMapPosition', 'http://uri.neuinfo.org/nif/nifstd/readable/hasReferenceURLTemplate', 'http://identifiers.org/biomodels.vocabulary#hasOnlySubstanceUnits']","['http://data.bioontology.org/ontologies/NIFSTD', 'http://data.bioontology.org/ontologies/ORTH', 'http://data.bioontology.org/ontologies/ADALAB-META']"
9,Cross-references,5,4,"['http://purl.org/dc/terms/references', 'http://semanticscience.org/resource/SIO_000631', 'http://purl.obolibrary.org/obo/pato#has_cross_section', 'http://www.geneontology.org/formats/oboInOwl#hasDbXref']","['http://data.bioontology.org/ontologies/NIFSTD', 'http://data.bioontology.org/ontologies/ORTH', 'http://data.bioontology.org/ontologies/ADALAB-META']"
10,Has CPIC Dosing Guideline,473,335,"['http://purl.obolibrary.org/obo/CDAO_0000178', 'http://purl.obolibrary.org/obo/RO_0002568', 'http://purl.obolibrary.org/obo/RO_0002373', 'http://purl.obolibrary.org/obo/RO_0002475', 'http://www.cogpo.org/ontologies/CogPOver1.owl#has_instructions', 'http://purl.obolibrary.org/obo/pr#has_modification', 'http://purl.obolibrary.org/obo/so#has_origin', 'http://purl.obolibrary.org/obo/so#has_part', 'http://purl.obolibrary.org/obo/pr#has_part', 'http://purl.obolibrary.org/obo/so#has_quality', 'http://purl.obolibrary.org/obo/uberon/core#has_start', 'http://www.cogpo.org/ontologies/CogPOver1.owl#has_stimulus', 'http://purl.obolibrary.org/obo/doid#has_symptom', 'http://www.w3.org/2004/02/skos/core#broader', 'http://purl.obolibrary.org/obo/RO_0002180', 'http://purl.obolibrary.org/obo/R0_0009004', 'http://purl.obolibrary.org/obo/RO_0000091', 'http://purl.obolibrary.org/obo/RO_0002633', 'http://purl.obolibrary.org/obo/RO_0002635', 'http://purl.obolibrary.org/obo/RO_0008502', 'http://purl.obolibrary.org/obo/RO_0002558', 'http://purl.org/dc/terms/hasFormat', 'http://purl.obolibrary.org/obo/RO_0000085', 'http://purl.obolibrary.org/obo/RO_0002303', 'http://purl.obolibrary.org/obo/RO_0002454', 'http://purl.obolibrary.org/obo/RO_0002233', 'http://purl.obolibrary.org/obo/RO_0002505', 'http://purl.obolibrary.org/obo/RO_0002019', 'http://purl.obolibrary.org/obo/RO_0002351', 'http://www.w3.org/2004/02/skos/core#member', 'http://purl.obolibrary.org/obo/RO_0002637', 'http://purl.obolibrary.org/obo/RO_0002615', 'http://purl.obolibrary.org/obo/RO_0002573', 'http://www.w3.org/2004/02/skos/core#narrower', 'http://purl.obolibrary.org/obo/RO_0002234', 'http://purl.obolibrary.org/obo/RO_0002209', 'http://purl.obolibrary.org/obo/BFO_0000051', 'http://purl.org/dc/terms/hasPart', 'http://purl.obolibrary.org/obo/RO_0000057', 'http://purl.obolibrary.org/obo/RO_0002557', 'http://purl.obolibrary.org/obo/RO_0002200', 'http://purl.obolibrary.org/obo/RO_0002214', 'http://purl.obolibrary.org/obo/RO_0000086', 'http://www.w3.org/2004/02/skos/core#related', 'http://purl.obolibrary.org/obo/RO_0000087', 'http://purl.obolibrary.org/obo/RO_0002551', 'http://purl.obolibrary.org/obo/RO_0002524', 'http://purl.obolibrary.org/obo/RO_0002452', 'http://purl.obolibrary.org/obo/RO_0002460', 'http://purl.org/dc/terms/hasVersion', 'http://semanticscience.org/resource/SIO_000139', 'http://semanticscience.org/resource/SIO_000255', 'http://semanticscience.org/resource/SIO_000008', 'http://semanticscience.org/resource/SIO_000641', 'http://semanticscience.org/resource/SIO_000054', 'http://semanticscience.org/resource/SIO_000586', 'http://purl.org/net/orth#hasCluster', 'http://semanticscience.org/resource/SIO_000213', 'http://semanticscience.org/resource/SIO_000364', 'http://semanticscience.org/resource/SIO_000235', 'http://semanticscience.org/resource/SIO_000772', 'http://semanticscience.org/resource/SIO_000420', 'http://semanticscience.org/resource/SIO_000900', 'http://semanticscience.org/resource/SIO_000225', 'http://purl.org/net/orth#hasHomologous', 'http://semanticscience.org/resource/SIO_000671', 'http://semanticscience.org/resource/SIO_000234', 'http://semanticscience.org/resource/SIO_000230', 'http://semanticscience.org/resource/SIO_000059', 'http://semanticscience.org/resource/SIO_000229', 'http://semanticscience.org/resource/SIO_000552', 'http://semanticscience.org/resource/SIO_000028', 'http://semanticscience.org/resource/SIO_000132', 'http://semanticscience.org/resource/SIO_001279', 'http://semanticscience.org/resource/SIO_000312', 'http://semanticscience.org/resource/SIO_000223', 'http://semanticscience.org/resource/SIO_000066', 'http://semanticscience.org/resource/SIO_000217', 'http://semanticscience.org/resource/SIO_000228', 'http://semanticscience.org/resource/SIO_000253', 'http://purl.org/net/orth#hasSource', 'http://semanticscience.org/resource/SIO_000905', 'http://semanticscience.org/resource/SIO_000291', 'http://semanticscience.org/resource/SIO_000635', 'http://semanticscience.org/resource/SIO_000221', 'http://semanticscience.org/resource/SIO_000300', 'http://www.geneontology.org/formats/oboInOwl#hasDbXref', 'http://purl.obolibrary.org/obo/doid#disease_has_basis_in', 'http://www.geneontology.org/formats/oboInOwl#hasAlternativeId', 'http://www.geneontology.org/formats/oboInOwl#hasBroadSynonym', 'http://purl.obolibrary.org/obo/pato#has_cross_section', 'http://www.geneontology.org/formats/oboInOwl#hasDate', 'http://www.geneontology.org/formats/oboInOwl#hasDefaultNamespace', 'http://www.geneontology.org/formats/oboInOwl#hasDefinition', 'http://purl.obolibrary.org/obo/pato#has_dividend_entity', 'http://purl.obolibrary.org/obo/pato#has_dividend_quality', 'http://purl.obolibrary.org/obo/pato#has_divisor_entity', 'http://purl.obolibrary.org/obo/pato#has_divisor_quality', 'http://www.geneontology.org/formats/oboInOwl#hasExactSynonym', 'http://purl.obolibrary.org/obo/so#has_integral_part', 'http://uri.neuinfo.org/nif/nifstd/readable/has_lacking_of', 'http://rdf.adalab-project.org/ontology/adalab-meta/hasDataDomain', 'http://www.e-lico.eu/ontologies/dmo/DMOP/DMOP.owl#hasComponent', 'http://www.e-lico.eu/ontologies/dmo/DMOP/DMOP.owl#hasDataType', 'http://www.e-lico.eu/ontologies/dmo/DMOP/DMOP.owl#hasDistinctValue', 'http://www.e-lico.eu/ontologies/dmo/DMOP/DMOP.owl#hasFeature', 'http://www.e-lico.eu/ontologies/dmo/DMOP/DMOP.owl#hasMainTable', 'http://www.e-lico.eu/ontologies/dmo/DMOP/DMOP.owl#hasPart', 'http://biomodels.net/biology-qualifiers#hasPart', 'http://biomodels.net/biology-qualifiers#hasProperty', 'http://www.e-lico.eu/ontologies/dmo/DMOP/DMOP.owl#hasTable', 'http://www.e-lico.eu/ontologies/dmo/DMOP/DMOP.owl#hasTargetFeature', 'http://biomodels.net/biology-qualifiers#hasTaxon', 'http://rdf.adalab-project.org/ontology/adalab-meta/hasTime', 'http://www.e-lico.eu/ontologies/dmo/DMOP/DMOP.owl#hasVariable', 'http://biomodels.net/biology-qualifiers#hasVersion', 'http://uri.neuinfo.org/nif/nifstd/readable/has_molecular_constituent', 'http://www.geneontology.org/formats/oboInOwl#hasNarrowSynonym', 'http://uri.neuinfo.org/nif/nifstd/readable/has_neurotransmitter', 'http://www.geneontology.org/formats/oboInOwl#hasOBONamespace', 'http://www.obofoundry.org/ro/ro.owl#has_part', 'http://uri.neuinfo.org/nif/nifstd/readable/has_proper_part', 'http://purl.obolibrary.org/obo/ncbitaxon#has_rank', 'http://purl.obolibrary.org/obo/pato#has_ratio_quality', 'http://www.geneontology.org/formats/oboInOwl#hasRelatedSynonym', 'http://purl.obolibrary.org/obo/pato#has_relative_magnitude', 'http://www.geneontology.org/formats/oboInOwl#hasScope', 'http://www.geneontology.org/formats/oboInOwl#hasSubset', 'http://www.geneontology.org/formats/oboInOwl#hasSynonym', 'http://www.geneontology.org/formats/oboInOwl#hasSynonymType', 'http://www.geneontology.org/formats/oboInOwl#hasURI', 'http://www.geneontology.org/formats/oboInOwl#hasVersion', 'http://uri.neuinfo.org/nif/nifstd/readable/hasAbbrevSource', 'http://uri.neuinfo.org/nif/nifstd/readable/hasBirnlexCurator', 'http://uri.neuinfo.org/nif/nifstd/readable/hasCoveringOrganism', 'http://uri.neuinfo.org/nif/nifstd/readable/hasCurationStatus', 'http://uri.neuinfo.org/nif/nifstd/readable/hasDefinitionSource', 'http://uri.interlex.org/tgbugs/uris/readable/hasDerivedArtifact', 'http://uri.neuinfo.org/nif/nifstd/readable/hasExternalSource', 'http://uri.interlex.org/base/hasMolecularPhenotype', 'http://uri.neuinfo.org/nif/nifstd/readable/hasMutationType', 'http://uri.neuinfo.org/nif/nifstd/readable/hasSequence', 'http://uri.interlex.org/tgbugs/uris/readable/hasSourceArtifact', 'http://uri.neuinfo.org/nif/nifstd/readable/hasStreetName', 'http://uri.neuinfo.org/nif/nifstd/readable/hasTaxonRank', 'http://uri.neuinfo.org/nif/nifstd/readable/hasValidationMethod', 'http://semanticscience.org/resource/hasSynonym', 'http://purl.obolibrary.org/obo/RO_0002612', 'http://purl.obolibrary.org/obo/RO_0004019', 'http://purl.obolibrary.org/obo/RO_0004029', 'http://purl.obolibrary.org/obo/RO_0004027', 'http://purl.obolibrary.org/obo/RO_0004026', 'http://purl.obolibrary.org/obo/RO_0002002', 'http://purl.obolibrary.org/obo/RO_0002248', 'http://purl.obolibrary.org/obo/RO_0002218', 'http://purl.obolibrary.org/obo/RO_0001022', 'http://purl.obolibrary.org/obo/RO_0002261', 'http://purl.obolibrary.org/obo/IAO_0000602', 'http://purl.obolibrary.org/obo/IAO_0000601', 'http://purl.obolibrary.org/obo/RO_0001023', 'http://purl.obolibrary.org/obo/IAO_0010000', 'http://purl.obolibrary.org/obo/RO_0002260', 'http://purl.obolibrary.org/obo/RO_0002569', 'http://www.w3.org/2004/02/skos/core#broadMatch', 'http://www.w3.org/2004/02/skos/core#broaderTransitive', 'http://purl.obolibrary.org/obo/RO_0002262', 'http://www.w3.org/2004/02/skos/core#closeMatch', 'http://purl.obolibrary.org/obo/RO_0002017', 'http://purl.obolibrary.org/obo/RO_0002018', 'http://purl.obolibrary.org/obo/RO_0002253', 'http://purl.obolibrary.org/obo/IAO_0000407', 'http://purl.obolibrary.org/obo/IAO_0000114', 'http://purl.obolibrary.org/obo/RO_0002360', 'http://purl.obolibrary.org/obo/RO_0002157', 'http://purl.obolibrary.org/obo/RO_0002254', 'http://purl.obolibrary.org/obo/RO_0002384', 'http://purl.obolibrary.org/obo/RO_0002546', 'http://purl.obolibrary.org/obo/RO_0002400', 'http://purl.obolibrary.org/obo/RO_0002025', 'http://purl.obolibrary.org/obo/RO_0002232', 'http://purl.obolibrary.org/obo/RO_0002518', 'http://purl.obolibrary.org/obo/RO_0002538', 'http://www.w3.org/2004/02/skos/core#exactMatch', 'http://purl.obolibrary.org/obo/RO_0002240', 'http://purl.obolibrary.org/obo/RO_0002242', 'http://purl.obolibrary.org/obo/RO_0002309', 'http://purl.obolibrary.org/obo/RO_0002241', 'http://purl.obolibrary.org/obo/RO_0002243', 'http://purl.obolibrary.org/obo/RO_0002132', 'http://purl.obolibrary.org/obo/RO_0002623', 'http://purl.obolibrary.org/obo/chebi#has_functional_parent', 'http://purl.obolibrary.org/obo/RO_0002374', 'http://purl.obolibrary.org/obo/RO_0002205', 'http://purl.obolibrary.org/obo/IAO_0000596', 'http://purl.obolibrary.org/obo/IAO_0000598', 'http://purl.obolibrary.org/obo/IAO_0000599', 'http://purl.obolibrary.org/obo/RO_0002639', 'http://purl.obolibrary.org/obo/RO_0002641', 'http://purl.obolibrary.org/obo/RO_0004005', 'http://purl.obolibrary.org/obo/IAO_0000583', 'http://purl.obolibrary.org/obo/IAO_0000039', 'http://purl.obolibrary.org/obo/IAO_0000004', 'http://www.w3.org/2004/02/skos/core#memberList', 'http://purl.obolibrary.org/obo/RO_0002372', 'http://www.w3.org/2004/02/skos/core#narrowMatch', 'http://www.w3.org/2004/02/skos/core#narrowerTransitive', 'http://purl.obolibrary.org/obo/RO_0002016', 'http://purl.obolibrary.org/obo/IAO_0000231', 'http://purl.obolibrary.org/obo/chebi#has_parent_hydride', 'http://purl.obolibrary.org/obo/RO_0002104', 'http://purl.obolibrary.org/obo/RO_0002110', 'http://purl.obolibrary.org/obo/RO_0002113', 'http://purl.obolibrary.org/obo/RO_0009005', 'http://purl.obolibrary.org/obo/RO_0002013', 'http://www.w3.org/2004/02/skos/core#relatedMatch', 'http://purl.obolibrary.org/obo/RO_0002100', 'http://purl.obolibrary.org/obo/RO_0002231', 'http://purl.obolibrary.org/obo/RO_0002516', 'http://purl.obolibrary.org/obo/RO_0002537', 'http://purl.obolibrary.org/obo/RO_0009001', 'http://purl.obolibrary.org/obo/RO_0009002', 'http://purl.obolibrary.org/obo/RO_0002130', 'http://purl.obolibrary.org/obo/RO_0002006', 'http://purl.obolibrary.org/obo/RO_0002339', 'http://purl.obolibrary.org/obo/RO_0002338', 'http://purl.obolibrary.org/obo/IAO_0000581', 'http://www.w3.org/2004/02/skos/core#hasTopConcept', 'http://purl.obolibrary.org/obo/IAO_0000404', 'http://purl.obolibrary.org/obo/IAO_0000406', 'http://purl.obolibrary.org/obo/IAO_0000405', 'http://purl.obolibrary.org/obo/RO_0002536', 'http://purl.obolibrary.org/obo/RO_0002402', 'http://purl.obolibrary.org/obo/RO_0002401', 'http://purl.obolibrary.org/obo/RO_0002403', 'http://purl.obolibrary.org/obo/RO_0002608', 'http://purl.obolibrary.org/obo/RO_0004017', 'http://semanticscience.org/resource/SIO_000369', 'http://semanticscience.org/resource/SIO_001277', 'http://semanticscience.org/resource/SIO_000273', 'http://semanticscience.org/resource/SIO_000681', 'http://semanticscience.org/resource/SIO_000971', 'http://semanticscience.org/resource/SIO_000972', 'http://semanticscience.org/resource/SIO_000216', 'http://semanticscience.org/resource/SIO_000974', 'http://semanticscience.org/resource/SIO_000053', 'http://semanticscience.org/resource/SIO_000644', 'http://semanticscience.org/resource/SIO_000680', 'http://purl.org/net/orth#hasTaxonomicRange', 'http://semanticscience.org/resource/SIO_000679', 'http://semanticscience.org/resource/SIO_000673', 'http://purl.obolibrary.org/obo/RO_0004000', 'http://purl.obolibrary.org/obo/RO_0004021', 'http://purl.obolibrary.org/obo/RO_0004020', 'http://purl.obolibrary.org/obo/RO_0004022', 'http://purl.obolibrary.org/obo/RO_0002625', 'http://purl.obolibrary.org/obo/RO_0008508', 'http://purl.obolibrary.org/obo/IAO_0000597', 'http://purl.obolibrary.org/obo/RO_0004001', 'http://purl.obolibrary.org/obo/RO_0004003', 'http://purl.obolibrary.org/obo/RO_0004002', 'http://purl.obolibrary.org/obo/RO_0004004', 'http://purl.obolibrary.org/obo/RO_0002014', 'http://purl.obolibrary.org/obo/RO_0002584', 'http://purl.obolibrary.org/obo/RO_0002479', 'http://purl.obolibrary.org/obo/RO_0004006', 'http://purl.obolibrary.org/obo/RO_0002015', 'http://purl.obolibrary.org/obo/RO_0002387', 'http://purl.obolibrary.org/obo/RO_0002385', 'http://purl.obolibrary.org/obo/RO_0002386', 'http://purl.obolibrary.org/obo/RO_0002388', 'http://www.geneontology.org/formats/oboInOwl#hasOBOFormatVersion', 'http://purl.obolibrary.org/obo/UBPROP_0000007', 'http://www.cogpo.org/ontologies/CogPOver2010.owl#COGPO_00015', 'http://www.cogpo.org/ontologies/CogPOver2010.owl#COGPO_00006', 'http://purl.obolibrary.org/obo/OBI_0000293', 'http://purl.obolibrary.org/obo/OBI_0000299', 'http://www.cogpo.org/ontologies/CogPOver2010.owl#COGPO_00011', 'http://www.geneontology.org/formats/oboInOwl#treat-xrefs-as-has-subclass', 'http://purl.obolibrary.org/obo/CDAO_0000168', 'http://purl.obolibrary.org/obo/CDAO_0000156', 'http://purl.obolibrary.org/obo/CDAO_0000144', 'http://purl.obolibrary.org/obo/CDAO_0000193', 'http://purl.obolibrary.org/obo/CDAO_0000183', 'http://purl.obolibrary.org/obo/CDAO_0000182', 'http://purl.obolibrary.org/obo/CDAO_0000142', 'http://purl.obolibrary.org/obo/CDAO_0000149', 'http://purl.obolibrary.org/obo/CDAO_0000209', 'http://purl.obolibrary.org/obo/CDAO_0000170', 'http://purl.obolibrary.org/obo/CDAO_0000189', 'http://purl.obolibrary.org/obo/CDAO_0000207', 'http://purl.obolibrary.org/obo/CDAO_0000175', 'http://purl.obolibrary.org/obo/CDAO_0000151', 'http://purl.obolibrary.org/obo/CDAO_0000165', 'http://purl.obolibrary.org/obo/CDAO_0000153', 'http://purl.obolibrary.org/obo/CDAO_0000174', 'http://purl.obolibrary.org/obo/CDAO_0000171', 'http://purl.obolibrary.org/obo/CDAO_0000198', 'http://purl.obolibrary.org/obo/CDAO_0000164', 'http://purl.obolibrary.org/obo/CDAO_0000150', 'http://purl.obolibrary.org/obo/CDAO_0000218', 'http://purl.obolibrary.org/obo/CDAO_0000204', 'http://purl.obolibrary.org/obo/CDAO_0000213', 'http://purl.obolibrary.org/obo/CDAO_0000185', 'http://purl.obolibrary.org/obo/CDAO_0000159', 'http://purl.obolibrary.org/obo/CDAO_0000202', 'http://purl.obolibrary.org/obo/CDAO_0000206', 'http://purl.obolibrary.org/obo/CDAO_0000162', 'http://purl.obolibrary.org/obo/CDAO_0000195', 'http://purl.obolibrary.org/obo/CDAO_0000145', 'http://purl.obolibrary.org/obo/CDAO_0000179', 'http://purl.obolibrary.org/obo/CDAO_0000201', 'http://purl.obolibrary.org/obo/CDAO_0000212', 'http://purl.obolibrary.org/obo/CDAO_0000211', 'http://purl.obolibrary.org/obo/CDAO_0000217', 'http://purl.obolibrary.org/obo/CDAO_0000219', 'http://purl.obolibrary.org/obo/CDAO_0000197', 'http://purl.obolibrary.org/obo/CDAO_0000210', 'http://purl.obolibrary.org/obo/CDAO_0000186', 'http://purl.obolibrary.org/obo/CDAO_0000158', 'http://purl.obolibrary.org/obo/CDAO_0000148', 'http://purl.obolibrary.org/obo/CDAO_0000154', 'http://purl.obolibrary.org/obo/CDAO_0000184', 'http://purl.obolibrary.org/obo/CDAO_0000214', 'http://purl.obolibrary.org/obo/CDAO_0000208', 'http://purl.obolibrary.org/obo/CDAO_0000176', 'http://purl.obolibrary.org/obo/CDAO_0000216', 'http://purl.obolibrary.org/obo/CDAO_0000215', 'http://uri.neuinfo.org/nif/nifstd/readable/hasFormerChildClass', 'http://uri.neuinfo.org/nif/nifstd/readable/hasFormerParentClass', 'http://uri.neuinfo.org/nif/nifstd/readable/hasGenbankAccessionNumber', 'http://uri.interlex.org/base/hasInstanceInSpecies', 'http://uri.neuinfo.org/nif/nifstd/readable/hasKnownApplicationUses', 'http://uri.neuinfo.org/nif/nifstd/readable/hasLocusMapPosition', 'http://uri.neuinfo.org/nif/nifstd/readable/hasReferenceURLTemplate', 'http://identifiers.org/biomodels.vocabulary#hasOnlySubstanceUnits']","['http://data.bioontology.org/ontologies/ORTH', 'http://data.bioontology.org/ontologies/NIFSTD', 'http://data.bioontology.org/ontologies/ADALAB-META']"
11,Chromosome,0,0,[],[]
12,Chromosomal Start - GRCh37.p13,54,31,"['http://purl.obolibrary.org/obo/RO_HOM0000047', 'http://purl.obolibrary.org/obo/uberon/core#has_start', 'http://www.w3.org/ns/prov#qualifiedStart', 'http://purl.obolibrary.org/obo/RO_0002091', 'http://purl.obolibrary.org/obo/RO_0002088', 'http://purl.obolibrary.org/obo/RO_0002491', 'http://purl.obolibrary.org/obo/uberon/core#existence_starts_and_ends_during', 'http://purl.obolibrary.org/obo/RO_0002583', 'http://purl.obolibrary.org/obo/RO_0002488', 'http://purl.obolibrary.org/obo/RO_0002496', 'http://purl.obolibrary.org/obo/RO_0002489', 'http://purl.obolibrary.org/obo/RO_0002231', 'http://purl.obolibrary.org/obo/RO_0002516', 'http://purl.obolibrary.org/obo/RO_0002537', 'http://purl.obolibrary.org/obo/RO_0002338', 'http://purl.obolibrary.org/obo/RO_0002517', 'http://purl.obolibrary.org/obo/RO_0002547', 'http://purl.obolibrary.org/obo/RO_0002539', 'http://purl.obolibrary.org/obo/RO_0002543', 'http://purl.obolibrary.org/obo/RO_0002549', 'http://purl.obolibrary.org/obo/RO_0002541', 'http://purl.obolibrary.org/obo/so#started_by', 'http://purl.obolibrary.org/obo/so#starts', 'http://purl.obolibrary.org/obo/RO_0002223', 'http://purl.obolibrary.org/obo/RO_0002089', 'http://purl.obolibrary.org/obo/RO_0002224', 'http://semanticscience.org/resource/SIO_000680', 'http://purl.obolibrary.org/obo/CDAO_0000219', 'http://semanticscience.org/resource/SIO_000682', 'http://www.w3.org/ns/prov#startedAtTime', 'http://www.w3.org/ns/prov#wasStartedBy']","['http://data.bioontology.org/ontologies/NIFSTD', 'http://data.bioontology.org/ontologies/ORTH', 'http://data.bioontology.org/ontologies/ADALAB-META']"
13,Chromosomal Stop - GRCh37.p13,2,1,['http://purl.obolibrary.org/obo/RO_HOM0000047'],"['http://data.bioontology.org/ontologies/NIFSTD', 'http://data.bioontology.org/ontologies/ORTH']"
14,Chromosomal Start - GRCh38.p7,54,31,"['http://purl.obolibrary.org/obo/RO_HOM0000047', 'http://purl.obolibrary.org/obo/uberon/core#has_start', 'http://www.w3.org/ns/prov#qualifiedStart', 'http://purl.obolibrary.org/obo/RO_0002091', 'http://purl.obolibrary.org/obo/RO_0002088', 'http://purl.obolibrary.org/obo/RO_0002491', 'http://purl.obolibrary.org/obo/uberon/core#existence_starts_and_ends_during', 'http://purl.obolibrary.org/obo/RO_0002583', 'http://purl.obolibrary.org/obo/RO_0002488', 'http://purl.obolibrary.org/obo/RO_0002496', 'http://purl.obolibrary.org/obo/RO_0002489', 'http://purl.obolibrary.org/obo/RO_0002231', 'http://purl.obolibrary.org/obo/RO_0002516', 'http://purl.obolibrary.org/obo/RO_0002537', 'http://purl.obolibrary.org/obo/RO_0002338', 'http://purl.obolibrary.org/obo/RO_0002517', 'http://purl.obolibrary.org/obo/RO_0002547', 'http://purl.obolibrary.org/obo/RO_0002539', 'http://purl.obolibrary.org/obo/RO_0002543', 'http://purl.obolibrary.org/obo/RO_0002549', 'http://purl.obolibrary.org/obo/RO_0002541', 'http://purl.obolibrary.org/obo/so#started_by', 'http://purl.obolibrary.org/obo/so#starts', 'http://purl.obolibrary.org/obo/RO_0002223', 'http://purl.obolibrary.org/obo/RO_0002089', 'http://purl.obolibrary.org/obo/RO_0002224', 'http://semanticscience.org/resource/SIO_000680', 'http://purl.obolibrary.org/obo/CDAO_0000219', 'http://semanticscience.org/resource/SIO_000682', 'http://www.w3.org/ns/prov#startedAtTime', 'http://www.w3.org/ns/prov#wasStartedBy']","['http://data.bioontology.org/ontologies/NIFSTD', 'http://data.bioontology.org/ontologies/ORTH', 'http://data.bioontology.org/ontologies/ADALAB-META']"
15,Chromosomal Stop - GRCh38.p7,2,1,['http://purl.obolibrary.org/obo/RO_HOM0000047'],"['http://data.bioontology.org/ontologies/NIFSTD', 'http://data.bioontology.org/ontologies/ORTH']"
16,PharmGKB Accession Id,26,17,"['http://www.geneontology.org/formats/oboInOwl#id', 'http://uri.neuinfo.org/nif/nifstd/readable/hasGenbankAccessionNumber', 'http://purl.obolibrary.org/obo/IAO_0000596', 'http://purl.obolibrary.org/obo/IAO_0000598', 'http://purl.obolibrary.org/obo/IAO_0000599', 'http://purl.obolibrary.org/obo/IAO_0000597', 'http://www.geneontology.org/formats/oboInOwl#hasAlternativeId', 'http://purl.obolibrary.org/obo/IAO_0000603', 'http://purl.obolibrary.org/obo/RO_0002601', 'http://purl.org/dc/elements/1.1/identifier', 'http://semanticscience.org/resource/SIO_000671', 'http://semanticscience.org/resource/SIO_000673', 'http://purl.org/dc/terms/identifier', 'http://semanticscience.org/resource/SIO_001242', 'http://semanticscience.org/resource/SIO_000672', 'http://semanticscience.org/resource/SIO_000674', 'http://purl.org/net/orth#taxRangeId']","['http://data.bioontology.org/ontologies/NIFSTD', 'http://data.bioontology.org/ontologies/ORTH', 'http://data.bioontology.org/ontologies/ADALAB-META']"
